distinguished	all	score	auc_pr	auc_roc
360	3365	0.21623301310811338	0.5688518062776464	0.611192924277315
