name	tn	fp	fn	tp	acc	fpr	tpr	auc_roc	auc_pr	errors
eval_results/eval_data/dbaasp/activity/	177	527	169	3196	0.8289506021135414	0.7485795454545454	0.9497771173848439	0.7173683810617317	0.9118665458464097	0
eval_results/eval_data/dbaasp/activity/moi/species/escherichiacoli_	192	652	91	2204	0.763300414144632	0.7725118483412322	0.9603485838779956	0.706826606366612	0.8398292391346188	0
eval_results/eval_data/dbaasp/activity/moi/strain/staphylococcusaureusatcc25923_	45	263	40	851	0.7472894078398665	0.8538961038961039	0.9551066217732884	0.7089928870231901	0.8580688160147436	0
eval_results/eval_data/dbaasp/activity/moi/strain/escherichiacoliatcc25922_	77	344	51	1303	0.7774647887323943	0.8171021377672208	0.9623338257016248	0.6971522751274486	0.854897522180903	0
eval_results/eval_data/dbaasp/activity/moi/species/staphylococcusaureus_	164	728	97	1928	0.7171751799794309	0.8161434977578476	0.9520987654320988	0.7226269169019544	0.838584546982161	0
