distinguished	all	score	auc_pr	auc_roc
2	45	0.16586035904166668	0.5929757456392643	0.6081481481481482
