name	tn	fp	fn	tp	acc	fpr	tpr	auc_roc	auc_pr	errors
eval_results_amp/eval_data/dbaasp/activity/moi/strain/escherichiacoliatcc25922_	297	124	246	1108	0.7915492957746478	0.29453681710213775	0.8183161004431314	0.8102428977920616	0.9172594834060452	0
eval_results_amp/eval_data/dbaasp/activity/	568	136	719	2646	0.7898746620791349	0.19318181818181818	0.7863298662704309	0.8461337464541402	0.9552526623771875	0
eval_results_amp/eval_data/dbaasp/activity/moi/species/staphylococcusaureus_	518	374	453	1572	0.7164895440521083	0.4192825112107623	0.7762962962962963	0.721362176825555	0.8225977533706734	0
eval_results_amp/eval_data/dbaasp/activity/moi/strain/staphylococcusaureusatcc25923_	150	158	186	705	0.713094245204337	0.512987012987013	0.7912457912457912	0.6927900943052459	0.8373980625644899	0
eval_results_amp/eval_data/dbaasp/activity/moi/species/escherichiacoli_	646	198	343	1952	0.8276521185090793	0.23459715639810427	0.8505446623093682	0.8545284411816333	0.9242847915933913	0
