distinguished	all	score	auc_pr	auc_roc
14	45	0.4049451019819361	0.6392018269567602	0.6306172839506173
