distinguished	all	score	auc_pr	auc_roc
963	3365	0.3757262278311485	0.6630442612136838	0.6779538073296256
